# Author(s);Watermeyer, K., & Zimmermann, J. ;;;
# Reference;Watermeyer, K., & Zimmermann, J. (2021). A partition-based branch-and-bound algorithm for the project duration problem with partially renewable resources and general temporal constraints. OR Spectrum. https://doi.org/10.1007/s00291-021-00654-9;;;
# Date;09/12/2021;;;
# Hardware / software;Coded in C++, compiled with the 64-bit Visual Studio 2017 C++, and run on a single thread of an Intel Core i7-8700 CPU with 3.2 GHz and 64 GB RAM under Windows 10;;;
# Stop criteria(s);"BB1 procedure, with stop criteria set: 300; 600; 1200; 3600 seconds (detailed results: http://solutionsupdate.ugent.be/sites/default/files/results/josecoelho/2022-03-07/results_BB1_cv.zip)";;;
# Submission date; 2022/03/07;;;
ID;Type;Value;Time;Solution
1;heuristic;50;3600000;
1;lower bound;28;3600000;
2;heuristic;49;3600000;
2;lower bound;24;3600000;
3;heuristic;38;3600000;
3;lower bound;26;3600000;
4;optimal;39;3214030;
5;heuristic;64;3600000;
5;lower bound;38;3600000;
6;heuristic;49;3600000;
6;lower bound;27;3600000;
7;heuristic;60;3600000;
7;lower bound;36;3600000;
8;optimal;64;533177;
9;heuristic;46;3600000;
9;lower bound;29;3600000;
10;heuristic;40;3600000;
10;lower bound;18;3600000;
11;heuristic;50;3600000;
11;lower bound;27;3600000;
12;heuristic;52;3600000;
12;lower bound;32;3600000;
13;heuristic;43;3600000;
13;lower bound;26;3600000;
14;optimal;41;1897140;
15;heuristic;55;3600000;
15;lower bound;29;3600000;
16;heuristic;66;3600000;
16;lower bound;36;3600000;
17;heuristic;55;3600000;
17;lower bound;30;3600000;
18;heuristic;76;3600000;
18;lower bound;39;3600000;
19;heuristic;50;3600000;
19;lower bound;27;3600000;
20;heuristic;42;3600000;
20;lower bound;31;3600000;
21;heuristic;91;3600000;
21;lower bound;48;3600000;
22;heuristic;59;3600000;
22;lower bound;37;3600000;
23;heuristic;56;3600000;
23;lower bound;30;3600000;
24;heuristic;77;3600000;
24;lower bound;42;3600000;
25;optimal;47;1454160;
26;heuristic;60;3600000;
26;lower bound;33;3600000;
27;heuristic;58;3600000;
27;lower bound;35;3600000;
28;optimal;74;732007;
29;heuristic;66;3600000;
29;lower bound;45;3600000;
30;heuristic;68;3600000;
30;lower bound;42;3600000;
31;heuristic;61;3600000;
31;lower bound;38;3600000;
32;optimal;77;176370;
33;heuristic;63;3600000;
33;lower bound;33;3600000;
34;heuristic;61;3600000;
34;lower bound;33;3600000;
35;heuristic;51;3600000;
35;lower bound;32;3600000;
36;heuristic;61;3600000;
36;lower bound;31;3600000;
37;optimal;52;130159;
38;optimal;57;3131800;
39;heuristic;49;3600000;
39;lower bound;34;3600000;
40;heuristic;70;3600000;
40;lower bound;43;3600000;
41;heuristic;50;3600000;
41;lower bound;27;3600000;
42;heuristic;48;3600000;
42;lower bound;25;3600000;
43;heuristic;48;3600000;
43;lower bound;28;3600000;
44;heuristic;46;3600000;
44;lower bound;24;3600000;
45;heuristic;37;3600000;
45;lower bound;27;3600000;
46;heuristic;48;3600000;
46;lower bound;30;3600000;
47;heuristic;55;3600000;
47;lower bound;28;3600000;
48;heuristic;53;3600000;
48;lower bound;36;3600000;
49;heuristic;38;3600000;
49;lower bound;20;3600000;
50;heuristic;46;3600000;
50;lower bound;25;3600000;
51;optimal;56;255927;
52;heuristic;52;3600000;
52;lower bound;26;3600000;
53;optimal;57;190614;
54;heuristic;67;3600000;
54;lower bound;36;3600000;
55;heuristic;66;3600000;
55;lower bound;39;3600000;
56;heuristic;68;3600000;
56;lower bound;43;3600000;
57;heuristic;63;3600000;
57;lower bound;35;3600000;
58;heuristic;46;3600000;
58;lower bound;23;3600000;
59;heuristic;45;3600000;
59;lower bound;30;3600000;
60;optimal;44;354242;
61;heuristic;72;3600000;
61;lower bound;37;3600000;
62;heuristic;56;3600000;
62;lower bound;31;3600000;
63;heuristic;81;3600000;
63;lower bound;38;3600000;
64;heuristic;53;3600000;
64;lower bound;31;3600000;
65;heuristic;76;3600000;
65;lower bound;27;3600000;
66;heuristic;65;3600000;
66;lower bound;42;3600000;
67;optimal;65;224455;
68;optimal;57;418764;
69;optimal;61;1573360;
70;heuristic;46;3600000;
70;lower bound;29;3600000;
71;optimal;51;706914;
72;heuristic;44;3600000;
72;lower bound;32;3600000;
73;heuristic;55;3600000;
73;lower bound;26;3600000;
74;optimal;49;240772;
75;heuristic;57;3600000;
75;lower bound;35;3600000;
76;heuristic;61;3600000;
76;lower bound;33;3600000;
77;heuristic;67;3600000;
77;lower bound;36;3600000;
78;optimal;57;1900150;
79;heuristic;63;3600000;
79;lower bound;36;3600000;
80;heuristic;72;3600000;
80;lower bound;30;3600000;
81;heuristic;51;3600000;
81;lower bound;29;3600000;
82;optimal;54;426204;
83;optimal;65;1291700;
84;optimal;74;2523610;
85;optimal;58;2049130;
86;optimal;51;1311500;
87;heuristic;55;3600000;
87;lower bound;38;3600000;
88;heuristic;57;3600000;
88;lower bound;31;3600000;
89;heuristic;68;3600000;
89;lower bound;33;3600000;
90;heuristic;54;3600000;
90;lower bound;27;3600000;
91;heuristic;54;3600000;
91;lower bound;34;3600000;
92;heuristic;50;3600000;
92;lower bound;32;3600000;
93;heuristic;44;3600000;
93;lower bound;31;3600000;
94;heuristic;66;3600000;
94;lower bound;35;3600000;
95;heuristic;80;3600000;
95;lower bound;45;3600000;
96;heuristic;64;3600000;
96;lower bound;40;3600000;
97;optimal;62;1184390;
98;heuristic;49;3600000;
98;lower bound;33;3600000;
99;heuristic;74;3600000;
99;lower bound;36;3600000;
100;heuristic;68;3600000;
100;lower bound;41;3600000;
101;optimal;50;1724140;
102;heuristic;63;3600000;
102;lower bound;35;3600000;
103;optimal;65;270275;
104;heuristic;60;3600000;
104;lower bound;33;3600000;
105;heuristic;65;3600000;
105;lower bound;29;3600000;
106;heuristic;49;3600000;
106;lower bound;35;3600000;
107;heuristic;70;3600000;
107;lower bound;45;3600000;
108;heuristic;49;3600000;
108;lower bound;26;3600000;
109;heuristic;77;3600000;
109;lower bound;37;3600000;
110;heuristic;56;3600000;
110;lower bound;43;3600000;
111;optimal;44;726552;
112;optimal;46;2137160;
113;heuristic;60;3600000;
113;lower bound;44;3600000;
114;heuristic;74;3600000;
114;lower bound;48;3600000;
115;heuristic;57;3600000;
115;lower bound;39;3600000;
116;optimal;74;57512;
117;heuristic;55;3600000;
117;lower bound;32;3600000;
118;heuristic;65;3600000;
118;lower bound;33;3600000;
119;optimal;74;92657;
120;optimal;68;870977;
121;heuristic;72;3600000;
121;lower bound;53;3600000;
122;optimal;57;2061140;
123;optimal;65;235751;
124;heuristic;61;3600000;
124;lower bound;32;3600000;
125;heuristic;60;3600000;
125;lower bound;37;3600000;
126;optimal;70;816540;
127;heuristic;60;3600000;
127;lower bound;27;3600000;
128;optimal;55;801512;
129;optimal;48;212002;
130;heuristic;49;3600000;
130;lower bound;21;3600000;
131;optimal;49;110078;
132;heuristic;43;3600000;
132;lower bound;24;3600000;
133;heuristic;50;3600000;
133;lower bound;32;3600000;
134;optimal;58;906421;
135;heuristic;45;3600000;
135;lower bound;26;3600000;
136;heuristic;56;3600000;
136;lower bound;30;3600000;
137;heuristic;44;3600000;
137;lower bound;27;3600000;
138;heuristic;54;3600000;
138;lower bound;29;3600000;
139;heuristic;55;3600000;
139;lower bound;28;3600000;
140;heuristic;46;3600000;
140;lower bound;25;3600000;
141;heuristic;48;3600000;
141;lower bound;28;3600000;
142;heuristic;50;3600000;
142;lower bound;34;3600000;
143;optimal;42;2266460;
144;heuristic;51;3600000;
144;lower bound;27;3600000;
145;optimal;56;1321830;
146;heuristic;51;3600000;
146;lower bound;25;3600000;
147;heuristic;59;3600000;
147;lower bound;37;3600000;
148;heuristic;49;3600000;
148;lower bound;29;3600000;
149;heuristic;57;3600000;
149;lower bound;28;3600000;
150;heuristic;56;3600000;
150;lower bound;26;3600000;
151;heuristic;72;3600000;
151;lower bound;42;3600000;
152;heuristic;43;3600000;
152;lower bound;27;3600000;
153;optimal;68;882570;
154;heuristic;47;3600000;
154;lower bound;27;3600000;
155;optimal;44;347294;
156;heuristic;50;3600000;
156;lower bound;28;3600000;
157;optimal;41;633172;
158;heuristic;42;3600000;
158;lower bound;23;3600000;
159;optimal;52;1536180;
160;heuristic;65;3600000;
160;lower bound;43;3600000;
161;optimal;45;3559810;
162;optimal;51;283137;
163;optimal;56;28730;
164;optimal;42;1739840;
165;heuristic;60;3600000;
165;lower bound;39;3600000;
166;heuristic;49;3600000;
166;lower bound;28;3600000;
167;heuristic;52;3600000;
167;lower bound;28;3600000;
168;heuristic;54;3600000;
168;lower bound;30;3600000;
169;optimal;47;2882870;
170;heuristic;74;3600000;
170;lower bound;40;3600000;
171;optimal;61;2505750;
172;optimal;53;1035960;
173;heuristic;70;3600000;
173;lower bound;34;3600000;
174;heuristic;75;3600000;
174;lower bound;33;3600000;
175;heuristic;68;3600000;
175;lower bound;30;3600000;
176;optimal;65;333289;
177;optimal;51;1298870;
178;heuristic;48;3600000;
178;lower bound;33;3600000;
179;heuristic;76;3600000;
179;lower bound;36;3600000;
180;optimal;51;1216480;
181;heuristic;48;3600000;
181;lower bound;27;3600000;
182;heuristic;48;3600000;
182;lower bound;28;3600000;
183;optimal;66;544034;
184;heuristic;53;3600000;
184;lower bound;30;3600000;
185;heuristic;54;3600000;
185;lower bound;27;3600000;
186;heuristic;63;3600000;
186;lower bound;29;3600000;
187;heuristic;47;3600000;
187;lower bound;27;3600000;
188;heuristic;70;3600000;
188;lower bound;21;3600000;
189;heuristic;43;3600000;
189;lower bound;19;3600000;
190;heuristic;64;3600000;
190;lower bound;26;3600000;
191;heuristic;75;3600000;
191;lower bound;37;3600000;
192;optimal;56;111567;
193;heuristic;57;3600000;
193;lower bound;32;3600000;
194;optimal;61;1221520;
195;heuristic;52;3600000;
195;lower bound;35;3600000;
196;heuristic;79;3600000;
196;lower bound;47;3600000;
197;optimal;65;150665;
198;heuristic;69;3600000;
198;lower bound;35;3600000;
199;optimal;51;88306;
200;heuristic;79;3600000;
200;lower bound;40;3600000;
201;optimal;52;204116;
202;optimal;61;3550430;
203;optimal;58;383007;
204;heuristic;65;3600000;
204;lower bound;27;3600000;
205;heuristic;65;3600000;
205;lower bound;39;3600000;
206;heuristic;84;3600000;
206;lower bound;46;3600000;
207;heuristic;54;3600000;
207;lower bound;29;3600000;
208;optimal;61;3487130;
209;heuristic;62;3600000;
209;lower bound;33;3600000;
210;heuristic;83;3600000;
210;lower bound;46;3600000;
211;heuristic;59;3600000;
211;lower bound;34;3600000;
212;heuristic;57;3600000;
212;lower bound;24;3600000;
213;heuristic;67;3600000;
213;lower bound;29;3600000;
214;optimal;68;1620370;
215;heuristic;72;3600000;
215;lower bound;36;3600000;
216;optimal;51;833665;
217;optimal;73;408913;
218;optimal;52;213824;
219;optimal;58;1111590;
220;heuristic;47;3600000;
220;lower bound;32;3600000;
221;heuristic;50;3600000;
221;lower bound;35;3600000;
222;optimal;69;116597;
223;heuristic;31;3600000;
223;lower bound;22;3600000;
224;heuristic;55;3600000;
224;lower bound;33;3600000;
225;heuristic;60;3600000;
225;lower bound;35;3600000;
226;heuristic;50;3600000;
226;lower bound;33;3600000;
227;heuristic;53;3600000;
227;lower bound;27;3600000;
228;heuristic;57;3600000;
228;lower bound;29;3600000;
229;heuristic;68;3600000;
229;lower bound;34;3600000;
230;optimal;56;213392;
231;optimal;69;2915630;
232;heuristic;55;3600000;
232;lower bound;26;3600000;
233;heuristic;50;3600000;
233;lower bound;25;3600000;
234;heuristic;57;3600000;
234;lower bound;43;3600000;
235;heuristic;54;3600000;
235;lower bound;28;3600000;
236;heuristic;64;3600000;
236;lower bound;41;3600000;
237;heuristic;58;3600000;
237;lower bound;39;3600000;
238;heuristic;55;3600000;
238;lower bound;31;3600000;
239;heuristic;53;3600000;
239;lower bound;26;3600000;
240;heuristic;59;3600000;
240;lower bound;28;3600000;
241;optimal;58;2619800;
242;heuristic;79;3600000;
242;lower bound;39;3600000;
243;heuristic;89;3600000;
243;lower bound;44;3600000;
244;heuristic;41;3600000;
244;lower bound;25;3600000;
245;heuristic;55;3600000;
245;lower bound;31;3600000;
246;heuristic;70;3600000;
246;lower bound;28;3600000;
247;heuristic;56;3600000;
247;lower bound;33;3600000;
248;heuristic;66;3600000;
248;lower bound;45;3600000;
249;heuristic;68;3600000;
249;lower bound;49;3600000;
250;heuristic;67;3600000;
250;lower bound;32;3600000;
251;heuristic;75;3600000;
251;lower bound;31;3600000;
252;heuristic;72;3600000;
252;lower bound;46;3600000;
253;heuristic;68;3600000;
253;lower bound;33;3600000;
254;optimal;60;975108;
255;heuristic;73;3600000;
255;lower bound;37;3600000;
256;heuristic;70;3600000;
256;lower bound;32;3600000;
257;optimal;67;1898220;
258;heuristic;71;3600000;
258;lower bound;40;3600000;
259;optimal;60;2146960;
260;optimal;65;471408;
261;heuristic;64;3600000;
261;lower bound;34;3600000;
262;optimal;65;1265650;
263;heuristic;51;3600000;
263;lower bound;27;3600000;
264;optimal;57;2253620;
265;optimal;59;68649;
266;optimal;68;2281520;
267;optimal;68;292791;
268;heuristic;74;3600000;
268;lower bound;38;3600000;
269;heuristic;61;3600000;
269;lower bound;26;3600000;
270;heuristic;72;3600000;
270;lower bound;43;3600000;
271;heuristic;61;3600000;
271;lower bound;34;3600000;
272;heuristic;60;3600000;
272;lower bound;27;3600000;
273;optimal;66;1210490;
274;heuristic;51;3600000;
274;lower bound;25;3600000;
275;heuristic;56;3600000;
275;lower bound;28;3600000;
276;heuristic;82;3600000;
276;lower bound;40;3600000;
277;heuristic;58;3600000;
277;lower bound;34;3600000;
278;optimal;46;715456;
279;optimal;64;3522640;
280;heuristic;54;3600000;
280;lower bound;26;3600000;
281;heuristic;58;3600000;
281;lower bound;33;3600000;
282;heuristic;74;3600000;
282;lower bound;37;3600000;
283;heuristic;75;3600000;
283;lower bound;35;3600000;
284;optimal;55;2437570;
285;optimal;51;1942230;
286;heuristic;67;3600000;
286;lower bound;35;3600000;
287;optimal;74;3263110;
288;optimal;61;57698;
289;optimal;74;1364850;
290;optimal;65;415154;
291;heuristic;54;3600000;
291;lower bound;46;3600000;
292;heuristic;64;3600000;
292;lower bound;33;3600000;
293;optimal;67;585732;
294;heuristic;67;3600000;
294;lower bound;29;3600000;
295;heuristic;64;3600000;
295;lower bound;31;3600000;
296;optimal;47;1192230;
297;optimal;51;3376150;
298;heuristic;46;3600000;
298;lower bound;27;3600000;
299;heuristic;62;3600000;
299;lower bound;36;3600000;
300;heuristic;70;3600000;
300;lower bound;40;3600000;
301;heuristic;67;3600000;
301;lower bound;38;3600000;
302;heuristic;54;3600000;
302;lower bound;35;3600000;
303;optimal;45;3565490;
304;heuristic;65;3600000;
304;lower bound;42;3600000;
305;heuristic;39;3600000;
305;lower bound;26;3600000;
306;optimal;58;2421810;
307;optimal;66;134763;
308;heuristic;88;3600000;
308;lower bound;56;3600000;
309;heuristic;78;3600000;
309;lower bound;39;3600000;
310;heuristic;69;3600000;
310;lower bound;38;3600000;
311;heuristic;68;3600000;
311;lower bound;34;3600000;
312;optimal;43;787310;
313;optimal;61;104858;
314;heuristic;56;3600000;
314;lower bound;35;3600000;
315;heuristic;61;3600000;
315;lower bound;43;3600000;
316;heuristic;78;3600000;
316;lower bound;36;3600000;
317;heuristic;73;3600000;
317;lower bound;48;3600000;
318;optimal;58;15723;
319;heuristic;61;3600000;
319;lower bound;30;3600000;
320;optimal;69;2156030;
321;heuristic;81;3600000;
321;lower bound;32;3600000;
322;optimal;74;2940140;
323;heuristic;71;3600000;
323;lower bound;32;3600000;
324;optimal;81;901079;
325;heuristic;67;3600000;
325;lower bound;30;3600000;
326;optimal;53;1106930;
327;heuristic;66;3600000;
327;lower bound;30;3600000;
328;heuristic;64;3600000;
328;lower bound;37;3600000;
329;heuristic;66;3600000;
329;lower bound;39;3600000;
330;heuristic;70;3600000;
330;lower bound;38;3600000;
331;optimal;72;614162;
332;heuristic;72;3600000;
332;lower bound;37;3600000;
333;heuristic;57;3600000;
333;lower bound;35;3600000;
334;heuristic;77;3600000;
334;lower bound;40;3600000;
335;optimal;77;3467420;
336;heuristic;74;3600000;
336;lower bound;36;3600000;
337;optimal;65;637120;
338;heuristic;74;3600000;
338;lower bound;47;3600000;
339;heuristic;88;3600000;
339;lower bound;52;3600000;
340;heuristic;80;3600000;
340;lower bound;47;3600000;
341;heuristic;71;3600000;
341;lower bound;36;3600000;
342;heuristic;62;3600000;
342;lower bound;33;3600000;
343;heuristic;69;3600000;
343;lower bound;42;3600000;
344;heuristic;68;3600000;
344;lower bound;42;3600000;
345;heuristic;58;3600000;
345;lower bound;27;3600000;
346;heuristic;65;3600000;
346;lower bound;33;3600000;
347;heuristic;64;3600000;
347;lower bound;36;3600000;
348;heuristic;86;3600000;
348;lower bound;43;3600000;
349;optimal;75;2471740;
350;heuristic;73;3600000;
350;lower bound;46;3600000;
351;optimal;69;1563240;
352;heuristic;66;3600000;
352;lower bound;38;3600000;
353;optimal;69;271461;
354;heuristic;69;3600000;
354;lower bound;31;3600000;
355;optimal;60;902388;
356;heuristic;76;3600000;
356;lower bound;46;3600000;
357;heuristic;69;3600000;
357;lower bound;42;3600000;
358;optimal;70;3384960;
359;heuristic;56;3600000;
359;lower bound;32;3600000;
360;optimal;66;1434610;
361;optimal;68;1493890;
362;optimal;66;936576;
363;optimal;62;77978;
364;optimal;67;1160970;
365;heuristic;63;3600000;
365;lower bound;36;3600000;
366;optimal;55;790851;
367;heuristic;67;3600000;
367;lower bound;36;3600000;
368;optimal;50;444542;
369;heuristic;70;3600000;
369;lower bound;38;3600000;
370;heuristic;63;3600000;
370;lower bound;32;3600000;
371;optimal;45;3309090;
372;optimal;49;426899;
373;heuristic;67;3600000;
373;lower bound;32;3600000;
374;heuristic;72;3600000;
374;lower bound;44;3600000;
375;heuristic;59;3600000;
375;lower bound;36;3600000;
376;optimal;60;606668;
377;optimal;57;70747;
378;heuristic;73;3600000;
378;lower bound;44;3600000;
379;heuristic;74;3600000;
379;lower bound;42;3600000;
380;heuristic;74;3600000;
380;lower bound;42;3600000;
381;heuristic;79;3600000;
381;lower bound;35;3600000;
382;optimal;74;2107150;
383;optimal;61;136407;
384;optimal;53;672166;
385;optimal;59;1846200;
386;heuristic;73;3600000;
386;lower bound;36;3600000;
387;heuristic;72;3600000;
387;lower bound;45;3600000;
388;heuristic;60;3600000;
388;lower bound;28;3600000;
389;heuristic;59;3600000;
389;lower bound;40;3600000;
390;optimal;67;1869370;
391;heuristic;83;3600000;
391;lower bound;47;3600000;
392;heuristic;61;3600000;
392;lower bound;39;3600000;
393;heuristic;84;3600000;
393;lower bound;43;3600000;
394;heuristic;44;3600000;
394;lower bound;28;3600000;
395;optimal;67;169798;
396;heuristic;66;3600000;
396;lower bound;47;3600000;
397;heuristic;62;3600000;
397;lower bound;34;3600000;
398;heuristic;65;3600000;
398;lower bound;26;3600000;
399;heuristic;62;3600000;
399;lower bound;36;3600000;
400;heuristic;60;3600000;
400;lower bound;50;3600000;
401;optimal;64;224408;
402;heuristic;69;3600000;
402;lower bound;39;3600000;
403;heuristic;90;3600000;
403;lower bound;48;3600000;
404;heuristic;57;3600000;
404;lower bound;29;3600000;
405;heuristic;70;3600000;
405;lower bound;49;3600000;
406;heuristic;67;3600000;
406;lower bound;40;3600000;
407;heuristic;65;3600000;
407;lower bound;40;3600000;
408;heuristic;60;3600000;
408;lower bound;27;3600000;
409;heuristic;79;3600000;
409;lower bound;43;3600000;
410;heuristic;69;3600000;
410;lower bound;38;3600000;
411;heuristic;62;3600000;
411;lower bound;30;3600000;
412;heuristic;69;3600000;
412;lower bound;45;3600000;
413;heuristic;63;3600000;
413;lower bound;35;3600000;
414;heuristic;73;3600000;
414;lower bound;36;3600000;
415;heuristic;80;3600000;
415;lower bound;42;3600000;
416;heuristic;72;3600000;
416;lower bound;37;3600000;
417;heuristic;59;3600000;
417;lower bound;24;3600000;
418;heuristic;72;3600000;
418;lower bound;38;3600000;
419;optimal;63;3313340;
420;heuristic;75;3600000;
420;lower bound;43;3600000;
421;heuristic;68;3600000;
421;lower bound;41;3600000;
422;heuristic;61;3600000;
422;lower bound;32;3600000;
423;heuristic;69;3600000;
423;lower bound;31;3600000;
424;optimal;70;357850;
425;heuristic;72;3600000;
425;lower bound;50;3600000;
426;optimal;71;3567040;
427;heuristic;77;3600000;
427;lower bound;29;3600000;
428;heuristic;59;3600000;
428;lower bound;35;3600000;
429;heuristic;66;3600000;
429;lower bound;34;3600000;
430;optimal;64;781879;
431;optimal;62;1037720;
432;heuristic;66;3600000;
432;lower bound;41;3600000;
433;heuristic;60;3600000;
433;lower bound;40;3600000;
434;heuristic;73;3600000;
434;lower bound;38;3600000;
435;optimal;69;232972;
436;heuristic;64;3600000;
436;lower bound;33;3600000;
437;optimal;57;115418;
438;optimal;64;1414630;
439;heuristic;58;3600000;
439;lower bound;30;3600000;
440;heuristic;74;3600000;
440;lower bound;45;3600000;
441;heuristic;74;3600000;
441;lower bound;31;3600000;
442;heuristic;69;3600000;
442;lower bound;27;3600000;
443;optimal;71;900058;
444;optimal;69;801926;
445;heuristic;75;3600000;
445;lower bound;47;3600000;
446;optimal;84;1853540;
447;heuristic;75;3600000;
447;lower bound;54;3600000;
448;heuristic;78;3600000;
448;lower bound;38;3600000;
449;heuristic;72;3600000;
449;lower bound;41;3600000;
450;optimal;64;2362700;
451;heuristic;59;3600000;
451;lower bound;36;3600000;
452;heuristic;71;3600000;
452;lower bound;34;3600000;
453;optimal;73;3531990;
454;heuristic;63;3600000;
454;lower bound;36;3600000;
455;heuristic;72;3600000;
455;lower bound;52;3600000;
456;heuristic;61;3600000;
456;lower bound;31;3600000;
457;heuristic;54;3600000;
457;lower bound;35;3600000;
458;heuristic;61;3600000;
458;lower bound;27;3600000;
459;heuristic;74;3600000;
459;lower bound;27;3600000;
460;heuristic;69;3600000;
460;lower bound;37;3600000;
461;heuristic;84;3600000;
461;lower bound;47;3600000;
462;heuristic;69;3600000;
462;lower bound;31;3600000;
463;heuristic;63;3600000;
463;lower bound;29;3600000;
464;optimal;61;483255;
465;optimal;73;561291;
466;heuristic;69;3600000;
466;lower bound;35;3600000;
467;heuristic;59;3600000;
467;lower bound;42;3600000;
468;heuristic;60;3600000;
468;lower bound;40;3600000;
469;heuristic;56;3600000;
469;lower bound;29;3600000;
470;heuristic;59;3600000;
470;lower bound;33;3600000;
471;heuristic;70;3600000;
471;lower bound;29;3600000;
472;optimal;66;3461440;
473;heuristic;63;3600000;
473;lower bound;39;3600000;
474;heuristic;59;3600000;
474;lower bound;24;3600000;
475;heuristic;57;3600000;
475;lower bound;38;3600000;
476;heuristic;57;3600000;
476;lower bound;37;3600000;
477;heuristic;57;3600000;
477;lower bound;30;3600000;
478;optimal;51;948315;
479;heuristic;64;3600000;
479;lower bound;39;3600000;
480;heuristic;64;3600000;
480;lower bound;35;3600000;
481;heuristic;59;3600000;
481;lower bound;35;3600000;
482;optimal;66;130808;
483;heuristic;73;3600000;
483;lower bound;51;3600000;
484;heuristic;62;3600000;
484;lower bound;44;3600000;
485;heuristic;71;3600000;
485;lower bound;37;3600000;
486;heuristic;64;3600000;
486;lower bound;31;3600000;
487;heuristic;55;3600000;
487;lower bound;28;3600000;
488;optimal;64;1982660;
489;optimal;47;2959200;
490;optimal;52;807784;
491;optimal;50;447250;
492;optimal;53;3129820;
493;optimal;51;546189;
494;optimal;50;1045970;
495;heuristic;48;3600000;
495;lower bound;33;3600000;
496;optimal;53;54034;
497;optimal;52;604637;
498;heuristic;78;3600000;
498;lower bound;36;3600000;
499;heuristic;89;3600000;
499;lower bound;44;3600000;
500;heuristic;42;3600000;
500;lower bound;28;3600000;
501;heuristic;47;3600000;
501;lower bound;30;3600000;
502;heuristic;52;3600000;
502;lower bound;36;3600000;
503;heuristic;44;3600000;
503;lower bound;31;3600000;
504;heuristic;49;3600000;
504;lower bound;30;3600000;
505;optimal;44;3300670;
506;optimal;58;565104;
507;optimal;53;319230;
508;heuristic;62;3600000;
508;lower bound;29;3600000;
509;optimal;74;604973;
510;heuristic;57;3600000;
510;lower bound;25;3600000;
511;heuristic;65;3600000;
511;lower bound;30;3600000;
512;optimal;61;625094;
513;heuristic;53;3600000;
513;lower bound;29;3600000;
514;heuristic;61;3600000;
514;lower bound;36;3600000;
515;heuristic;66;3600000;
515;lower bound;36;3600000;
516;heuristic;65;3600000;
516;lower bound;33;3600000;
517;heuristic;71;3600000;
517;lower bound;38;3600000;
518;heuristic;62;3600000;
518;lower bound;28;3600000;
519;heuristic;60;3600000;
519;lower bound;30;3600000;
520;heuristic;64;3600000;
520;lower bound;26;3600000;
521;heuristic;55;3600000;
521;lower bound;25;3600000;
522;heuristic;62;3600000;
522;lower bound;28;3600000;
523;heuristic;58;3600000;
523;lower bound;32;3600000;
524;heuristic;74;3600000;
524;lower bound;34;3600000;
525;heuristic;58;3600000;
525;lower bound;27;3600000;
526;heuristic;72;3600000;
526;lower bound;25;3600000;
527;heuristic;71;3600000;
527;lower bound;39;3600000;
528;heuristic;75;3600000;
528;lower bound;35;3600000;
529;heuristic;62;3600000;
529;lower bound;30;3600000;
530;heuristic;60;3600000;
530;lower bound;25;3600000;
531;heuristic;79;3600000;
531;lower bound;31;3600000;
532;heuristic;61;3600000;
532;lower bound;26;3600000;
533;heuristic;54;3600000;
533;lower bound;25;3600000;
534;optimal;65;3202800;
535;heuristic;67;3600000;
535;lower bound;38;3600000;
536;heuristic;69;3600000;
536;lower bound;34;3600000;
537;heuristic;69;3600000;
537;lower bound;29;3600000;
538;heuristic;56;3600000;
538;lower bound;26;3600000;
539;heuristic;58;3600000;
539;lower bound;27;3600000;
540;heuristic;66;3600000;
540;lower bound;31;3600000;
541;heuristic;67;3600000;
541;lower bound;29;3600000;
542;heuristic;72;3600000;
542;lower bound;26;3600000;
543;heuristic;67;3600000;
543;lower bound;44;3600000;
544;heuristic;58;3600000;
544;lower bound;24;3600000;
545;heuristic;66;3600000;
545;lower bound;28;3600000;
546;heuristic;61;3600000;
546;lower bound;28;3600000;
547;heuristic;64;3600000;
547;lower bound;34;3600000;
548;optimal;55;1955090;
549;heuristic;55;3600000;
549;lower bound;35;3600000;
550;heuristic;74;3600000;
550;lower bound;46;3600000;
551;optimal;74;1197000;
552;heuristic;62;3600000;
552;lower bound;25;3600000;
553;heuristic;71;3600000;
553;lower bound;48;3600000;
554;heuristic;72;3600000;
554;lower bound;37;3600000;
555;heuristic;62;3600000;
555;lower bound;41;3600000;
556;heuristic;55;3600000;
556;lower bound;34;3600000;
557;heuristic;70;3600000;
557;lower bound;44;3600000;
558;heuristic;74;3600000;
558;lower bound;50;3600000;
559;optimal;69;1475010;
560;heuristic;62;3600000;
560;lower bound;37;3600000;
561;heuristic;61;3600000;
561;lower bound;40;3600000;
562;heuristic;51;3600000;
562;lower bound;27;3600000;
563;heuristic;74;3600000;
563;lower bound;42;3600000;
564;optimal;65;796423;
565;heuristic;66;3600000;
565;lower bound;33;3600000;
566;heuristic;64;3600000;
566;lower bound;24;3600000;
567;optimal;65;1821090;
568;heuristic;48;3600000;
568;lower bound;27;3600000;
569;heuristic;54;3600000;
569;lower bound;31;3600000;
570;heuristic;67;3600000;
570;lower bound;40;3600000;
571;optimal;61;701644;
572;heuristic;67;3600000;
572;lower bound;37;3600000;
573;heuristic;79;3600000;
573;lower bound;37;3600000;
574;heuristic;72;3600000;
574;lower bound;32;3600000;
575;heuristic;65;3600000;
575;lower bound;45;3600000;
576;heuristic;64;3600000;
576;lower bound;34;3600000;
577;heuristic;71;3600000;
577;lower bound;32;3600000;
578;heuristic;65;3600000;
578;lower bound;29;3600000;
579;heuristic;55;3600000;
579;lower bound;36;3600000;
580;heuristic;46;3600000;
580;lower bound;30;3600000;
581;heuristic;63;3600000;
581;lower bound;42;3600000;
582;heuristic;59;3600000;
582;lower bound;37;3600000;
583;heuristic;67;3600000;
583;lower bound;53;3600000;
584;heuristic;53;3600000;
584;lower bound;31;3600000;
585;heuristic;54;3600000;
585;lower bound;26;3600000;
586;heuristic;57;3600000;
586;lower bound;28;3600000;
587;heuristic;65;3600000;
587;lower bound;45;3600000;
588;heuristic;65;3600000;
588;lower bound;44;3600000;
589;heuristic;69;3600000;
589;lower bound;42;3600000;
590;heuristic;63;3600000;
590;lower bound;44;3600000;
591;heuristic;63;3600000;
591;lower bound;39;3600000;
592;heuristic;71;3600000;
592;lower bound;33;3600000;
593;heuristic;71;3600000;
593;lower bound;35;3600000;
594;heuristic;64;3600000;
594;lower bound;34;3600000;
595;heuristic;79;3600000;
595;lower bound;33;3600000;
596;heuristic;65;3600000;
596;lower bound;26;3600000;
597;heuristic;79;3600000;
597;lower bound;44;3600000;
598;heuristic;67;3600000;
598;lower bound;45;3600000;
599;heuristic;67;3600000;
599;lower bound;25;3600000;
600;heuristic;69;3600000;
600;lower bound;36;3600000;
601;optimal;65;2262370;
602;heuristic;70;3600000;
602;lower bound;30;3600000;
603;heuristic;63;3600000;
603;lower bound;36;3600000;
604;heuristic;64;3600000;
604;lower bound;35;3600000;
605;heuristic;71;3600000;
605;lower bound;42;3600000;
606;heuristic;69;3600000;
606;lower bound;33;3600000;
607;heuristic;73;3600000;
607;lower bound;40;3600000;
608;heuristic;70;3600000;
608;lower bound;31;3600000;
609;heuristic;82;3600000;
609;lower bound;47;3600000;
610;optimal;68;2409640;
611;heuristic;76;3600000;
611;lower bound;53;3600000;
612;heuristic;70;3600000;
612;lower bound;38;3600000;
613;heuristic;74;3600000;
613;lower bound;37;3600000;
614;optimal;68;1527750;
615;optimal;53;2623070;
616;heuristic;63;3600000;
616;lower bound;32;3600000;
617;optimal;59;2832540;
618;heuristic;62;3600000;
618;lower bound;36;3600000;
619;optimal;67;1467980;
620;heuristic;72;3600000;
620;lower bound;40;3600000;
621;optimal;65;378909;
622;heuristic;69;3600000;
622;lower bound;34;3600000;
623;heuristic;74;3600000;
623;lower bound;34;3600000;
